n,objid,ra,dec,e_bv,mag_nuv,mag_fuv,Bmag,Vmag,rmag,imag,Jmag,Hmag,Kmag,Av,d
1,2.56522E+18,278.2451689,0.436675861,1.899647355,22.66939735,---,,,,,15.695,14.685,14.387,0.3,415
2,2.56522E+18,278.2209399,0.345739669,1.944280863,21.13917732,22.35495758,14.259,13.191,12.821,12.468,11.404,10.907,10.626,0.3,415
3,6.37545E+18,270.9852774,-0.291031984,0.401445478,19.48254967,20.08354759,,,,,15.885,15.721,15.27,0.3,415
4,6.37545E+18,271.0032014,-0.3523006,0.412268341,21.16765022,22.61996269,,,,,13.268,12.665,12.46,0.3,415
5,6.3756E+18,270.0042784,-1.743179937,0.645717919,18.42268181,21.50870895,13.562,12.577,12.324,12.017,11.275,11.034,10.756,0.3,415
6,6.3756E+18,270.1197235,-1.979941711,0.604097009,21.90946198,---,,,,,16.692,15.732,15.222,0.3,415
7,6.3756E+18,270.0118937,-2.191285547,0.661936879,20.84310341,23.48697281,13.234,11.741,11.242,10.667,9.123,8.374,8.23,0.3,415
8,2.56515E+18,276.6242169,1.916832046,1.37548399,22.84575844,---,,,,,15.926,15.292,15.004,0.3,415
9,2.56515E+18,276.6263504,1.946525216,1.360761523,22.93483353,25.38091278,,,,,15.014,14.204,14.016,0.3,415
10,2.56515E+18,276.6778777,1.737841242,1.376039267,22.35280418,23.01847839,,,,,14.675,13.909,13.69,0.3,415
11,2.56515E+18,276.5107228,1.588770889,1.328606129,21.36906433,22.84452438,11.477,9.286,,,5.116,3.936,3.708,0.3,415
12,2.56515E+18,276.4510172,1.51187321,1.330933571,22.04235077,---,,,,,16.098,15.403,15.233,0.3,415
13,6.37545E+18,272.0430759,-2.321806979,1.445789099,18.53219414,18.13042068,16.761,15.592,15.102,14.243,12.523,11.778,11.637,0.3,415
14,6.37545E+18,271.9078807,-2.677412067,1.510778308,20.34657288,23.10036469,12.329,10.851,10.3,9.603,7.872,7.189,7.013,0.3,415
15,6.37545E+18,272.3761693,-1.094472208,1.131427526,21.84477425,---,,,,,15.347,14.502,14.226,0.3,415
16,6.37545E+18,272.2735786,-1.219339662,1.170778036,18.53242111,23.44887352,13.803,12.928,12.597,11.918,9.648,8.392,7.982,0.3,415
17,6.37545E+18,272.6801117,-1.4094383,1.471309662,21.2934761,21.75057793,,,,,15.405,14.374,14.183,0.3,415
18,6.37545E+18,272.8348802,-1.475783048,1.613745093,22.14883041,---,,,,,16.641,15.761,15.046,0.3,415
19,6.37545E+18,272.8945363,-1.594500145,1.57524693,22.08701134,---,,,,,16.204,15.368,14.668,0.3,415
20,6.37545E+18,272.8609588,-1.691236287,1.657254815,22.14180183,---,,,,,16.205,15.519,15.261,0.3,415
21,6.37545E+18,272.9265186,-1.790687226,1.635481,21.822155,23.3208313,,,,,14.298,13.226,12.948,0.3,415
22,6.37545E+18,272.8691648,-0.517532918,0.746046066,22.07317352,---,,,,,15.944,15.116,14.954,0.3,415
23,6.37545E+18,272.968594,-0.533664281,0.746353149,21.8441925,---,,,,,15.789,15.347,14.86,0.3,415
24,6.3756E+18,270.3435033,-2.076491403,0.694345236,21.66927719,22.10770607,13.592,11.794,11.307,10.739,9.171,8.553,8.346,0.3,415
25,6.3756E+18,270.3476713,-2.172446457,0.744712114,21.06147575,22.23663902,,,,,9.671,8.974,8.771,0.3,415
26,6.3756E+18,270.2490313,-2.27523218,0.764553428,21.53369713,26.05636597,14.052,12.27,11.832,11.189,9.428,8.744,8.574,0.3,415
27,6.3756E+18,270.3074585,-2.391076912,0.800754488,20.22072411,22.12691116,13.082,11.498,10.975,10.351,8.799,8.155,7.981,0.3,415
28,6.37542E+18,270.2636812,-0.165562236,0.43764466,21.97137833,22.80067062,,,,,15.628,15.385,15.085,0.3,415
29,6.37542E+18,270.2571071,-0.22917963,0.459806532,21.01483917,23.2703743,12.294,10.856,10.34,9.843,8.23,7.588,7.417,0.3,415
30,6.37545E+18,274.4046123,0.239522494,0.871465206,21.45057106,22.6791935,,,,,15.99,15.773,14.879,0.3,415
31,6.37545E+18,274.2689935,-0.004954351,0.848763704,20.95345116,---,,,,,15.477,14.694,14.484,0.3,415
32,6.37542E+18,270.1672255,0.064959565,0.428268343,21.79348755,---,,,,,16.538,15.837,15.02,0.3,415
33,6.37542E+18,270.1837788,0.029581694,0.431038886,21.05030823,---,,,,,13.336,12.864,11.421,0.3,415
34,6.37542E+18,270.0682343,-0.079342005,0.443747044,21.42783737,---,,,,,16.15,16.047,15.07,0.3,415
35,6.37545E+18,271.0655557,-0.491608515,0.453959942,20.58065605,24.34762001,14.027,12.734,12.215,11.714,10.002,9.317,9.103,0.3,415
36,2.56515E+18,276.0221291,1.687372016,1.329516768,21.32210159,24.88628578,13.397,11.863,11.255,10.217,8.297,7.737,7.487,0.3,415
37,2.56515E+18,275.7529198,1.657032271,1.200421095,23.07770157,---,,,,,15.688,15.129,14.886,0.3,415
38,2.56515E+18,276.2471372,1.519794157,1.46846211,21.15545273,---,,,,,16.304,15.401,15.023,0.3,415
39,2.56515E+18,276.3593367,1.519733958,1.443346739,20.31171799,23.24112701,,,,,14.153,13.01,12.602,0.3,415
40,2.56515E+18,276.2203306,1.495857324,1.438545704,21.62814903,23.86782074,,,,,15.972,15.288,14.832,0.3,415
41,2.56515E+18,275.9759137,1.490181078,1.462514162,21.17346001,25.14458466,,,,,15.085,14.228,13.94,0.3,415
42,2.56515E+18,276.3854211,1.484343586,1.403692245,21.02447319,22.99562263,,,,,14.935,14.189,13.876,0.3,415
43,2.56515E+18,276.1856639,1.484066691,1.404284954,21.90336418,---,,,,,17.133,16.032,15.579,0.3,415
44,2.56515E+18,276.2239465,1.480591035,1.464014411,21.14281082,23.14554405,,,,,13.728,13.092,12.864,0.3,415
45,6.37545E+18,272.5260105,-1.629263135,1.39913094,19.02643967,22.75998497,,,,,16.525,17.14,16.644,0.3,415
46,6.37542E+18,270.0711554,-0.245694172,0.418806136,21.06941986,21.79987717,13.68,12.354,11.902,11.392,9.867,9.236,9.054,0.3,415
47,6.37542E+18,270.0720913,-0.391285959,0.422767013,21.60290909,22.66625786,17.172,16.704,,,15.117,14.911,14.598,0.3,415
48,6.37542E+18,270.1738182,-0.578271039,0.464035273,21.96958542,23.70453835,,,,,15.586,15.172,14.338,0.3,415
49,2.56515E+18,276.4752137,1.20838235,1.488212109,22.84354782,23.75728607,,,,,10.481,9.292,8.73,0.3,415
50,6.37545E+18,272.860063,-0.821195886,1.10311532,20.62897491,24.2205143,12.222,10.833,10.318,9.715,8.134,7.484,7.28,0.3,415
51,6.37545E+18,273.0279221,-0.928206772,1.219807744,21.22366905,21.55946541,16.608,14.791,14.232,12.57,10.357,9.78,9.484,0.3,415
52,6.37545E+18,270.6755581,-0.019035626,0.351830542,21.12262154,23.55104446,13.276,11.903,11.404,10.997,9.377,8.708,8.532,0.3,415
53,6.37545E+18,270.7983835,-0.10942686,0.355473727,21.23917198,---,,,,,12.893,12.398,12.059,0.3,415
54,6.37545E+18,274.2598609,-0.063518739,0.850406289,21.15039444,---,,,,,16.563,15.559,15.092,0.3,415
55,6.37545E+18,274.1435395,-0.090591014,0.884688199,21.44563484,23.69925308,12.774,11.263,10.686,10.091,8.347,7.713,7.504,0.3,415
56,6.37545E+18,274.3068672,-0.106561018,0.837840378,21.82364464,22.2449379,14.586,13.207,12.624,11.972,10.339,9.654,9.46,0.3,415
57,6.37545E+18,274.5202878,-0.115153447,0.883354306,20.76124954,23.54413223,12.162,10.622,10.046,9.411,7.771,7.098,6.928,0.3,415
58,2.56522E+18,277.9960486,0.776065368,2.071136236,22.39498901,23.08380127,,,,,15.87,14.86,14.475,0.3,415
59,2.56522E+18,278.0108592,0.776608369,2.071136236,21.82184219,23.31919289,,,,,10.818,10.23,9.962,0.3,415
60,2.56522E+18,277.6495948,0.67430537,2.49704957,21.07229614,22.70871735,16.171,14.598,13.87,12.988,10.776,9.824,9.334,0.3,415
61,2.56522E+18,278.0442087,0.740446793,2.074728966,22.52796364,23.01008797,,,,,16.242,15.394,15.05,0.3,415
62,2.56522E+18,278.0031666,0.645117112,2.172780514,21.83649635,23.11573029,15.682,14.431,13.974,13.454,11.967,11.299,11.139,0.3,415
63,2.56522E+18,277.3059915,0.588798093,2.509523869,21.5271225,25.44970131,14.481,13.085,12.467,11.561,9.892,9.28,9.059,0.3,415
64,2.56522E+18,277.5713947,0.521144685,2.336959839,22.05120468,23.60452652,15.143,13.509,12.809,11.791,9.623,9.156,8.838,0.3,415
65,2.56522E+18,277.1761802,0.247681404,2.463871479,22.64154053,---,,,,,16.697,15.356,14.993,0.3,415
66,6.37545E+18,271.0741617,-0.690589735,0.481578767,21.97614479,23.72158432,,,,,16.488,16.292,15.972,0.3,415
67,6.37545E+18,271.028134,-0.89418233,0.533280015,20.73033524,22.60022545,13.92,12.527,12.033,11.371,9.526,8.872,8.699,0.3,415
68,6.37545E+18,271.1809027,-0.965128565,0.575167298,20.02692795,21.87157059,12.624,11.237,10.761,10.081,8.299,7.678,7.44,0.3,415
69,6.37545E+18,270.5974783,-0.043644101,0.365749061,21.46653557,22.82062531,,,,,14.499,14.216,13.826,0.3,415
70,6.37545E+18,270.8293632,-0.230653906,0.408268094,21.95426178,23.98118019,,,,,16.265,15.617,15.429,0.3,415
71,6.37545E+18,272.516479,-0.518103248,0.822646737,21.55768585,21.65478897,,,,,16.513,15.858,15.001,0.3,415
72,6.37545E+18,272.7380149,-1.156572776,1.180814624,20.68926048,23.11385727,11.739,10.275,9.76,9.175,7.652,7.007,6.828,0.3,415
73,6.37545E+18,273.1406613,-1.203699664,1.347353935,21.98256111,23.12099838,,,,,16.197,15.63,14.969,0.3,415
74,6.37545E+18,273.0342338,1.355509148,0.697749674,19.61824417,23.21271515,11.637,9.997,,,6.86,6.112,5.87,0.3,415
75,6.37545E+18,274.8951677,0.96784511,1.0017519,21.23278427,22.06938934,,,,,16.025,15.431,14.399,0.3,415
76,6.37545E+18,274.5963559,0.90143877,1.023976207,21.88682556,---,,,,,14.582,13.864,13.735,0.3,415
77,6.37545E+18,274.8570189,0.841894627,1.015461445,19.72034073,23.97491646,9.912,8.779,8.634,7.069,4.208,3.24,2.952,0.3,415
78,2.56522E+18,277.8954583,0.478280638,2.176544428,22.93976212,---,,,,,15.344,14.226,13.851,0.3,415
79,2.56522E+18,277.5271691,0.432384502,2.350797176,22.73765755,---,,,,,16.739,15.348,15.211,0.3,415
80,2.56522E+18,277.514666,0.395783132,2.41611743,21.64230347,23.64604187,,,,,13.226,12.344,11.619,0.3,415
81,2.56522E+18,277.7774307,0.353549742,2.263697863,22.73434067,24.17073441,,,,,16.661,15.07,15.055,0.3,415
82,2.56522E+18,277.7069661,0.374616743,2.404630661,20.16852951,---,,,,,15.013,13.861,13.446,0.3,415
83,2.56522E+18,277.4172422,0.253453568,2.577321291,22.52510834,22.58375549,,,,,15.389,14.785,14.159,0.3,415
84,6.37545E+18,270.1851868,-1.420468857,0.614081979,21.78273392,23.47341156,,,,,16.675,16.669,16.102,0.3,415
85,6.37545E+18,271.1918035,-1.136065052,0.669139147,21.69779587,22.52863121,,,,,16.105,15.409,14.981,0.3,415
86,6.37545E+18,270.9758029,-1.1545829,0.595725477,20.26200676,25.37615967,14.845,13.751,13.347,12.822,11.445,10.902,10.493,0.3,415
87,6.37545E+18,270.7329077,-0.283634596,0.443258792,21.20869064,---,15.491,14.501,14.105,13.803,12.952,11.945,11.816,0.3,415
88,6.37545E+18,270.9690578,-0.292441493,0.413244188,18.62286186,19.77729988,,,,,14.989,14.406,14.165,0.3,415
89,6.37545E+18,270.7892012,-0.305359543,0.439949542,22.1494503,---,,,,,13.692,13.085,12.787,0.3,415
90,6.37545E+18,272.9902296,1.055870651,0.8000772,21.47934532,22.9899044,15.73,13.543,12.677,11.615,9.351,8.436,8.101,0.3,415
91,6.37545E+18,272.7873681,1.06749084,0.766819537,21.51065445,24.01818085,13.721,12.105,11.469,10.703,8.915,8.245,7.993,0.3,415
92,6.37545E+18,270.7598691,-0.342590423,0.451924086,21.79964447,23.0402565,,,,,16.68,15.984,15.641,0.3,415
93,6.37545E+18,275.0902513,0.650839188,1.077688217,21.88306427,24.08230591,,,,,16.201,15.008,14.936,0.3,415
94,6.37545E+18,274.8916221,0.528521105,0.993572831,21.54257774,24.30574226,,,,,16.631,17.221,15.695,0.3,415
95,2.56522E+18,277.6612543,0.075288196,2.10306716,23.03415298,24.43445969,,,,,16.01,15.489,14.874,0.3,415
96,2.56522E+18,278.0681743,-0.11721338,2.29716444,19.47107315,21.93759537,,,,,16.615,15.887,14.74,0.3,415
97,2.56522E+18,277.9307028,-0.239291652,2.323605299,21.91263199,23.27634048,,,,,16.911,15.766,15.292,0.3,415
98,6.37545E+18,274.0421524,0.918494578,0.901367366,20.98926926,23.09352112,,,,,15.676,14.417,14.24,0.3,415
99,6.37545E+18,274.3210111,0.858997628,0.904459,22.2115097,---,,,,,16.316,15.844,15.485,0.3,415
100,6.37545E+18,271.3497671,-1.269486849,0.745532215,20.20038795,24.13723755,10.972,9.407,,,6.351,5.566,5.346,0.3,415
101,6.37545E+18,271.4546928,-1.327183703,0.81981504,20.85795593,21.33663177,,,,,16.417,15.666,15.054,0.3,415
102,6.37545E+18,271.5186396,-1.436948801,0.983616889,21.95817566,---,,,,,15.876,15.292,14.991,0.3,415
103,6.37545E+18,270.9476069,-0.488218106,0.503451824,21.98485374,---,,,,,16.076,15.307,15.066,0.3,415
104,6.37545E+18,274.8742188,0.361922482,0.997502983,22.04980659,23.84384727,,,,,15.976,15.173,15.092,0.3,415
105,6.37545E+18,272.6597532,0.853718687,0.645853817,22.01676559,---,,,,,16.35,15.646,15.284,0.3,415
106,6.37545E+18,272.9587891,0.330321133,0.516329408,19.72276306,21.59038353,,,,,15.707,15.015,14.593,0.3,415
107,6.37545E+18,272.8140756,0.409158425,0.594808638,21.52951431,22.54264641,,,,,16.555,16.078,15.666,0.3,415
108,6.37545E+18,274.395351,0.735136063,0.950969577,20.70812225,21.85238647,17.047,14.873,13.842,12.262,9.439,8.268,7.931,0.3,415
109,6.37545E+18,273.7009287,0.673821448,0.725852013,21.58761406,22.71360016,,,,,15.152,14.363,14.166,0.3,415
110,6.37545E+18,274.1232518,0.645091533,0.765728056,21.83810806,23.41621017,,,,,16.806,16.211,15.773,0.3,415
111,6.37545E+18,273.7968335,0.561225387,0.698919952,21.35394287,21.84803581,13.346,11.926,11.373,10.788,9.137,8.48,8.334,0.3,415
112,6.37545E+18,270.4851674,-0.544557587,0.552240193,21.61793327,---,,,,,13.488,12.794,12.673,0.3,415
113,6.37545E+18,274.924974,-0.063199296,1.013823271,21.71658134,23.7799015,13.757,12.009,11.324,10.478,8.617,7.962,7.748,0.3,415
114,6.37545E+18,274.5445928,-0.231099207,0.852751613,21.51159286,24.84186554,,,,,15.686,15.126,14.769,0.3,415
115,6.37545E+18,271.2498365,-1.55584561,1.013405085,20.74825096,21.05795479,,,,,16.775,15.292,15.112,0.3,415
116,6.37545E+18,271.5364243,-1.590458983,1.341668844,21.34957695,---,,,,,13.12,12.29,12.084,0.3,415
117,6.37545E+18,271.5573049,-1.953384489,1.423936605,21.98967934,---,,,,,14.399,13.68,13.398,0.3,415
118,6.37545E+18,271.7298386,-0.257903501,0.501028895,21.07169724,23.42506599,13.524,11.985,11.42,10.784,9.028,8.396,8.185,0.3,415
119,6.37545E+18,272.5789785,0.566395573,0.526864111,20.39219093,19.18925667,,,,,13.338,12.675,12.464,0.3,415
120,6.37545E+18,272.6272045,0.539729697,0.523794353,20.84133148,19.6988945,16.747,15.111,14.422,13.759,11.973,11.306,11.026,0.3,415
121,6.37545E+18,270.906538,-0.682060111,0.473766208,21.72250366,26.34711075,,,,,16.775,15.841,15.012,0.3,415
122,6.37545E+18,270.8966113,-0.737778799,0.468883067,21.22838974,25.04645348,12.154,10.648,10.087,9.538,7.646,6.888,6.709,0.3,415
123,6.37545E+18,270.85291,-0.745275848,0.473893374,20.74117851,21.29742241,,,,,16.365,15.632,15.092,0.3,415
124,6.37545E+18,270.9115199,-0.815262133,0.512135088,21.08879852,23.91886139,15.672,14.706,14.411,14.107,12.839,12.465,12.099,0.3,415
125,6.37545E+18,270.9637762,-0.889153759,0.53888613,21.57729912,23.61969948,,,,,14.754,14.468,14.205,0.3,415
126,6.37545E+18,270.9695448,-1.19098092,0.586985111,21.64980888,27.92289925,,,,,14.811,14.234,13.974,0.3,415
127,6.37545E+18,272.7453949,0.223541558,0.593346953,21.4030304,23.67236137,13.475,11.872,11.298,10.61,8.894,8.216,7.981,0.3,415
128,6.37545E+18,272.8756025,0.213191838,0.58978796,20.31219673,22.38717842,12.227,10.86,10.375,9.774,8.244,7.646,7.413,0.3,415
129,6.37545E+18,272.872234,0.12009582,0.620310366,20.51844025,21.65822792,12.7,11.233,10.673,10.003,8.388,7.766,7.571,0.3,415
130,6.37545E+18,273.5993052,1.010259135,0.775381565,22.00631142,22.30950928,,,,,15.871,15.333,15.031,0.3,415
131,6.37545E+18,273.5237569,0.955536512,0.842811823,22.05809784,---,,,,,16.087,15.444,15.164,0.3,415
132,6.37545E+18,273.5017529,0.881150957,0.833456695,22.13875961,---,,,,,16.959,16.017,15.515,0.3,415
133,6.37545E+18,274.3310307,0.389294396,0.844412565,21.25227547,24.85804939,13.078,11.537,10.937,10.242,8.527,7.916,7.648,0.3,415
134,6.37545E+18,271.6752386,-0.324552235,0.537044764,21.39303398,23.67533875,17.878,17.02,,,14.799,14.468,14.213,0.3,415
135,6.37545E+18,271.7386059,-0.344388153,0.542078674,22.01075172,22.81487656,,,,,15,14.555,14.204,0.3,415
136,6.37545E+18,271.6469625,-0.402878179,0.559232712,21.74447441,24.79247665,,,,,16.066,15.847,15.557,0.3,415
137,6.37545E+18,271.6156573,-0.426134129,0.528618932,21.77161789,---,,,,,16.899,16.428,15.625,0.3,415
138,6.37545E+18,271.550893,-0.458705163,0.482267141,21.80572891,24.19107437,,,,,16.259,15.895,15.163,0.3,415
139,6.37545E+18,274.7107735,1.999078646,0.723815084,22.42103195,---,,,,,15.213,14.575,14.364,0.3,415
140,6.37545E+18,270.7799019,-0.940616199,0.578027606,22.04194069,22.80675888,,,,,12.896,12.075,11.931,0.3,415
141,6.37545E+18,272.0276322,0.480481166,0.494831592,19.42741966,19.26820374,,,,,14.665,14.009,13.717,0.3,415
142,6.37545E+18,274.5353008,1.345547952,0.97276628,22.1967659,22.48007202,,,,,15.859,15.265,15,0.3,415
143,6.37545E+18,273.3698848,0.506251779,0.695689499,21.97493935,---,,,,,14.784,14.039,13.917,0.3,415
144,6.37545E+18,274.0367007,0.330127428,0.794717073,20.88812828,23.88059044,12.777,11.317,10.667,9.77,8.118,7.479,7.243,0.3,415
145,6.37545E+18,274.0567375,0.316336413,0.794717073,21.77243805,23.40219116,14.06,12.463,11.826,11.111,9.331,8.591,8.392,0.3,415
146,6.37545E+18,271.5631939,-0.472686087,0.525849283,21.73958206,23.5459671,13.584,12.159,11.637,11.098,9.403,8.79,8.511,0.3,415
147,6.37545E+18,271.5310603,-0.445764777,0.482267141,14.04818916,19.24890327,7.641,6.458,,,4.801,4.163,3.981,0.3,415
148,6.37545E+18,272.021912,0.349514241,0.488566816,21.63521576,---,,,,,16.139,15.34,13.87,0.3,415
149,6.37545E+18,270.353829,-1.258360519,0.55756253,21.41929245,23.76152039,,,,,16.405,16.119,15.5,0.3,415
150,6.37545E+18,273.606351,0.406603499,0.631851733,20.20542336,22.31202126,11.103,9.31,,,5.884,5.13,4.848,0.3,415
151,6.37545E+18,273.4975192,0.409866491,0.649712086,21.64720154,---,16.592,15.33,14.787,14.252,12.578,11.877,11.695,0.3,415
152,6.37545E+18,273.4540467,0.323730158,0.659942746,22.0351429,22.91681671,16.332,14.51,13.749,12.934,10.774,9.824,9.58,0.3,415
153,6.37545E+18,273.6096697,0.301629529,0.638680756,21.95329857,---,,,,,16.778,15.955,15.595,0.3,415
154,6.37545E+18,273.8305346,0.04019046,0.724453926,18.34135056,22.59959602,11.36,9.93,9.37,8.798,7.218,6.517,6.303,0.3,415
155,6.37545E+18,271.5479199,-0.616697093,0.570989668,21.77940369,---,,,,,14.45,13.738,13.495,0.3,415
156,6.37545E+18,271.7098483,-0.792284567,0.674467802,22.12157822,---,,,,,14.433,13.71,13.492,0.3,415
157,6.37545E+18,270.5872762,-1.409122927,0.545921028,20.90161133,21.47844315,,,,,15.97,15.985,15.421,0.3,415
158,6.37545E+18,270.6551428,-1.429206989,0.588020682,21.43379974,24.49390793,13.755,11.889,11.268,10.625,8.797,7.992,7.759,0.3,415
159,6.37545E+18,270.7973748,-1.460211154,0.653656185,21.92500305,22.75701523,,,,,16.341,16.286,15.799,0.3,415
160,6.37545E+18,271.9156157,0.265457612,0.460615396,21.76292229,22.90353394,16.455,15.446,15.128,14.717,13.598,13.074,12.811,0.3,415
161,6.37545E+18,272.4957394,0.210960958,0.55742681,21.91677856,---,,,,,14.756,14.078,13.836,0.3,415
162,6.37545E+18,273.2002607,0.297502075,0.607723236,22.10313034,---,,,,,16.034,15.395,15.223,0.3,415
163,6.37545E+18,273.0644346,0.238136799,0.516960979,21.76973152,22.85369492,13.8,12.406,11.886,11.305,9.705,9.008,8.858,0.3,415
164,6.37545E+18,273.747814,-0.30053827,0.816749692,21.47882462,21.29244804,,,,,13.357,11.902,11.745,0.3,415
165,6.37545E+18,273.7184305,-0.317236047,0.795178592,22.14365005,30.197052,,,,,16.155,15.406,15.242,0.3,415
166,6.37545E+18,270.5014194,-1.5188382,0.616972446,19.52503395,18.98939133,,,,,13.761,13.022,12.81,0.3,415
167,6.37545E+18,270.3542327,-1.604973685,0.66062963,21.45999527,24.72087479,,,,,16.69,16.164,15.69,0.3,415
168,6.37545E+18,271.6080355,-0.990386411,0.769872069,21.53170586,22.29532623,14.389,13.026,12.489,11.675,10.161,9.451,9.281,0.3,415
169,6.37545E+18,271.1726799,-1.638751551,1.051132917,21.43694496,23.28183746,15.307,14.103,,,11.052,10.207,9.863,0.3,415
170,6.37545E+18,271.1925633,-1.78931211,1.173693419,21.60614777,---,,,,,15.736,15.045,14.673,0.3,415
171,6.37545E+18,271.3741173,-1.780054279,1.263215423,22.04405594,24.9620533,14.761,13.047,12.314,11.429,9.249,8.467,8.231,0.3,415
172,6.37545E+18,271.0902905,-1.91256747,1.098077178,20.93421936,21.19491005,16.661,15.134,14.419,13.695,11.63,10.956,10.757,0.3,415
173,6.37545E+18,270.6399048,-1.965321236,0.773465991,21.53817177,22.80940056,,,,,16.676,15.716,15.497,0.3,415
174,6.37545E+18,272.0589859,0.128883451,0.556016505,21.49931908,23.03822517,,,,,15.709,15.421,15.165,0.3,415
175,6.37545E+18,272.2161791,0.1148653,0.567148685,21.59955978,23.24394226,,,,,15.719,15.367,14.934,0.3,415
176,6.37545E+18,272.3137278,0.048839144,0.623671293,21.75685883,22.73477936,,,,,16.582,16.7,15.94,0.3,415
177,6.37545E+18,273.1257694,0.174106881,0.580321014,21.70944786,22.17391777,,,,,16.382,15.796,14.927,0.3,415
178,6.37545E+18,273.6198068,0.160240387,0.665836871,21.27904701,24.07164764,13.203,11.681,11.078,10.485,8.638,7.972,7.825,0.3,415
179,6.37545E+18,273.2657464,0.102429465,0.643125951,21.33843613,21.92019272,,,,,15.532,14.167,13.28,0.3,415
180,6.37545E+18,273.0253019,0.062737687,0.590108633,22.00633621,23.47743225,,,,,16.292,15.846,15.54,0.3,415
181,6.37545E+18,273.6350014,0.057231782,0.693581104,21.61670113,22.75247765,,,,,15.13,14.871,14.498,0.3,415
182,6.37545E+18,274.0113839,1.751379361,0.684769094,21.03551865,21.59099197,16.987,15.969,15.564,,13.69,12.988,12.763,0.3,415
183,6.37545E+18,270.4841551,-2.134844915,0.754997194,20.46092987,24.07600403,11.187,9.464,,8.334,6.725,6.011,5.799,0.3,415
184,6.37545E+18,270.3850801,-2.209883613,0.757037342,21.17077446,21.92306519,,,,,16.249,15.541,15.411,0.3,415
185,6.37545E+18,270.6798064,-2.245446215,0.89072907,22.18123627,23.06364059,,,,,12.435,11.682,11.436,0.3,415
186,6.37545E+18,271.5368718,-2.100880533,1.35458684,22.2377243,---,,,,,15.996,15.143,14.955,0.3,415
187,6.37545E+18,271.507333,-2.287981918,1.358445644,21.68507576,---,,,,,15.864,15.308,15.02,0.3,415
188,6.37545E+18,272.5650262,-0.011144299,0.642744601,21.60241508,---,,,,,14.536,13.708,13.58,0.3,415
189,6.37545E+18,272.7042423,-0.041910532,0.632847011,21.29007721,22.51639366,14.234,12.685,12.091,11.4,10.246,9.489,9.255,0.3,415
190,6.37545E+18,272.9670808,-0.001379753,0.620891571,21.67941093,24.59643555,16.618,15.105,14.369,,13.077,12.623,12.329,0.3,415
191,6.37545E+18,272.9602554,-0.05833171,0.628333032,22.14943314,---,,,,,16.357,15.815,15.242,0.3,415
192,6.37545E+18,272.8679155,-0.082509022,0.627334833,21.14003372,---,,,,,15.539,14.865,14.737,0.3,415
193,6.37545E+18,273.5139583,-0.102721006,0.712558091,21.97857666,---,,,,,15.698,14.832,14.517,0.3,415
194,6.37545E+18,274.3219441,1.570079792,0.769966006,21.54423141,23.14113235,12.878,11.272,10.712,10.079,8.283,7.591,7.423,0.3,415
195,6.37545E+18,274.0456033,1.459300403,0.797964334,20.62308884,23.1891098,13.032,11.439,10.871,10.219,8.374,7.745,7.542,0.3,415
196,6.37542E+18,271.2296303,0.797321455,0.432509422,20.46097565,24.48446655,12.077,10.698,10.199,9.69,8.081,7.491,7.258,0.3,415
197,6.37542E+18,271.1888244,0.754424642,0.425973445,21.24085808,23.54097748,12.794,11.463,10.966,10.429,8.804,8.175,7.997,0.3,415
198,6.37542E+18,271.4665188,0.615093006,0.436673582,21.57866287,22.7373333,,,,,16.361,15.914,15.28,0.3,415
199,6.37542E+18,270.7717429,0.423737856,0.425309271,21.18309402,23.53187561,,,,,16.043,15.598,15.016,0.3,415
200,6.37542E+18,270.9241302,0.099329092,0.407960236,20.2043705,20.73995209,,,,,15.321,15.188,14.923,0.3,415
201,6.37545E+18,274.1163767,1.374023868,0.73284477,21.79403305,22.83677101,,,,,14.311,14.012,13.761,0.3,415
202,6.37545E+18,274.4317955,1.298141655,0.91875416,22.30235863,23.80536461,16.126,14.418,13.779,12.899,11.023,10.345,10.111,0.3,415
203,6.37545E+18,274.0771844,1.078832855,0.85090518,21.5043602,21.95201111,,,,,16.174,16.059,15.736,0.3,415
204,6.37542E+18,271.225607,0.750823288,0.415924281,21.4744873,22.13707733,13.578,12.261,11.764,11.172,9.488,8.831,8.635,0.3,415
205,6.37542E+18,271.2034524,0.72973949,0.413176209,21.58427048,23.03191376,,,,,16.391,15.502,15.473,0.3,415
206,6.37542E+18,271.6910447,0.568223541,0.455068141,20.71931267,22.47046661,,,,,16.362,16.065,15.548,0.3,415
207,6.37545E+18,272.9330005,-0.149528868,0.654704273,20.0050869,23.73669052,11.263,9.891,9.422,8.855,7.372,6.713,6.542,0.3,415
208,6.37545E+18,273.2096397,-0.176918006,0.735009015,21.03164101,24.02341843,12.894,11.343,10.791,10.278,8.426,7.779,7.572,0.3,415
209,6.37545E+18,273.142744,-0.18835991,0.746945441,21.37191582,---,,,,,15.675,15.211,14.844,0.3,415
210,6.37545E+18,273.0021377,-0.230840176,0.674862802,22.078125,---,,,,,16.278,15.413,14.987,0.3,415
211,6.37545E+18,274.3356086,0.958346524,0.907547891,21.11144066,22.26045418,,,,,16.839,16.175,15.6,0.3,415
212,6.37542E+18,270.8596484,-0.043923716,0.341111958,22.12235069,---,,,,,15.741,15.048,14.754,0.3,415
213,6.37545E+18,272.1208471,-0.081618294,0.609333217,21.864748,24.66307831,,,,,13.459,12.761,12.614,0.3,415
214,6.37545E+18,272.5706619,-0.090356934,0.631785572,21.14048004,21.31606102,,,,,13.757,13.037,12.87,0.3,415
215,6.37545E+18,272.5906559,-0.096391065,0.631785572,21.38230515,22.61283493,,,,,15.031,14.653,14.385,0.3,415
216,6.37542E+18,271.5926923,0.519564168,0.440485179,21.07471848,21.49484825,,,,,16.004,16.695,16.361,0.3,415
217,6.37542E+18,271.5389198,0.503868184,0.438494951,21.77718163,24.62471008,13.197,11.886,11.41,10.884,9.4,8.711,8.574,0.3,415
218,6.37542E+18,271.0752182,0.46755513,0.377992839,21.72791862,22.92562294,,,,,15.809,15.452,15.115,0.3,415
219,6.37542E+18,271.1744161,0.462809204,0.417091638,21.19230652,24.13163567,,,,,16.131,15.672,15.369,0.3,415
220,6.37542E+18,271.1029419,0.453530271,0.377992839,21.04837227,20.62077522,,,,,15.91,15.233,14.754,0.3,415
221,6.37545E+18,272.6438472,-0.248206983,0.677217185,21.35562134,22.05475044,,,,,15.879,15.908,15.086,0.3,415
222,6.37545E+18,272.4829658,-0.40067126,0.757908583,19.77517128,23.71170235,11.767,10.43,9.944,9.371,7.862,7.283,7.056,0.3,415
223,6.37542E+18,271.0426826,0.41651055,0.419481993,21.49687767,24.66008186,14.282,12.876,12.353,11.779,10.1,9.463,9.256,0.3,415
224,6.37542E+18,271.6155717,0.4037034,0.433675706,21.92203522,23.11745834,14.844,13.254,12.614,11.822,9.967,9.164,8.942,0.3,415
225,6.37542E+18,271.0262446,0.362512695,0.452197284,21.56194496,---,,,,,15.888,15.575,14.838,0.3,415
226,6.37545E+18,273.5318836,-0.456391588,0.793910146,21.4479351,22.52126503,13.606,12.119,11.55,11.052,9.27,8.614,8.442,0.3,415
227,6.37545E+18,273.2835768,-0.499261915,0.816145062,20.92279434,24.08346939,12.833,11.323,10.756,10.215,8.375,7.731,7.555,0.3,415
228,6.37545E+18,271.9076671,-0.22455697,0.540691793,21.8218956,25.02572441,17.199,16.815,16.725,,15.02,14.661,14.362,0.3,415
229,6.37542E+18,271.4927258,0.306149854,0.416117698,21.358881,22.02111244,,,,,16.309,16.322,15.94,0.3,415
230,6.37542E+18,271.1507845,0.299077615,0.467166215,21.79666328,---,,,,,16.125,15.543,15.078,0.3,415
231,6.37542E+18,271.5545893,0.225783305,0.418253511,20.57460403,20.98356247,,,,,15.265,15.375,14.944,0.3,415
232,6.37545E+18,272.1301032,-0.175538101,0.56283778,20.31395531,22.32108307,,,,,16.386,15.814,15.47,0.3,415
233,6.37542E+18,270.9756224,0.17560214,0.42048049,20.99736404,24.35692787,,,,,14.654,14.507,14.188,0.3,415
234,6.37542E+18,271.6545585,0.135998488,0.433601558,21.66208649,23.81043243,14.32,12.953,12.429,11.83,10.275,9.573,9.427,0.3,415
235,6.37542E+18,271.5705004,0.13309605,0.411712438,21.81732941,---,16.435,15.679,15.024,14.67,14.548,13.966,13.741,0.3,415
236,6.37542E+18,271.6680583,0.117564995,0.433601558,21.25981903,22.70186234,,,,,16.479,15.862,14.739,0.3,415
237,6.37542E+18,271.3749729,0.125405596,0.456888705,20.49884224,24.28644943,,,,,14.246,11.248,10.956,0.3,415
238,6.37542E+18,271.1016161,0.066256491,0.408473223,19.91277885,20.3299942,,,,,15.885,15.775,15.334,0.3,415
239,6.37542E+18,271.306091,0.062487836,0.432783157,20.53740311,22.45792007,12.945,11.636,11.02,10.344,8.826,8.139,7.979,0.3,415
240,6.37542E+18,271.0731524,0.054822157,0.412486076,21.04622459,24.5261631,,,,,15.703,15.396,15.128,0.3,415
241,6.37545E+18,272.125997,-0.748086752,0.863599479,21.28121948,---,16.433,14.936,14.322,13.217,11.401,10.71,10.544,0.3,415
242,6.37542E+18,271.4980767,-0.002129846,0.439044386,20.66363907,22.50658035,12.777,11.474,11.003,10.499,8.932,8.44,8.173,0.3,415
243,6.37542E+18,271.6528929,-0.038605953,0.45563072,21.32448578,21.43580818,,,,,16.301,15.972,15.461,0.3,415
244,6.37542E+18,271.4679157,-0.032535704,0.441626608,21.10872841,---,,,,,15.839,15.422,14.902,0.3,415
245,6.37545E+18,272.129047,-0.980642256,1.059630871,22.00088692,---,,,,,15.744,14.87,14.907,0.3,415
246,6.37545E+18,271.8186274,-1.027191907,0.896495819,21.7485733,---,,,,,16.278,15.593,15.398,0.3,415
247,6.37542E+18,271.3507815,-0.158153477,0.412718892,21.86893463,23.6800499,16.385,15.349,15.037,,13.526,12.628,12.58,0.3,415
248,6.37542E+18,271.6934163,-0.151515697,0.465771556,19.803339,20.39578629,,,,,16.42,16.262,15.664,0.3,415
249,6.37542E+18,271.1019615,-0.180012957,0.417274207,21.79487038,---,,,,,16.668,15.885,15.349,0.3,415
250,6.37542E+18,271.1578493,-0.237257771,0.449838728,20.60479736,21.97633743,,,,,12.982,12.316,12.047,0.3,415
251,6.37542E+18,270.9934477,-0.244376717,0.391097933,19.76771545,23.3955307,12.835,11.558,11.079,10.62,8.949,8.425,8.146,0.3,415
